alpha,mean_value,best_value,standard_deviation,mean_iterations,mean_time
0.85,875.98,1379,191.05323760669432,57.0,0.00027989864349365235
0.9,921.52,1289,177.89167940069598,88.0,0.0004200267791748047
0.95,1086.92,1558,197.00607503323343,180.0,0.0008246183395385742
0.99,1546.76,1883,162.9906205890388,917.0,0.0042425584793090824
