alpha,mean_value,best_value,standard_deviation,mean_iterations,mean_time
0.85,857.18,1336,218.82072022548505,57.0,0.00038119316101074217
0.9,903.08,1452,227.6125514992528,88.0,0.0003846120834350586
0.95,1069.74,1645,228.6313897958896,180.0,0.0007797527313232422
0.99,1515.6,2013,200.11586643742172,917.0,0.0040021085739135745
